Top pages,Clicks,Impressions,CTR,Position
https://www.procleancorp.com.au/,68,31059,0.22%,46.22
https://www.procleancorp.com.au/commercial-cleaning,1,6978,0.01%,66.4
https://www.procleancorp.com.au/services/medicalcentre-cleaning,1,4132,0.02%,49.32
https://www.procleancorp.com.au/office-cleaning,1,4106,0.02%,66.49
https://www.procleancorp.com.au/strata-cleaning-arncliffe,1,55,1.82%,8.75
https://www.procleancorp.com.au/services/gym-cleaning,0,3697,0%,50.68
https://www.procleancorp.com.au/services/strata-cleaning,0,2947,0%,56.59
https://www.procleancorp.com.au/services/warehouse-cleaning,0,2416,0%,50.22
https://www.procleancorp.com.au/office-cleaning-sydney,0,480,0%,72.37
https://www.procleancorp.com.au/gym-cleaning-sydney,0,325,0%,30.26
https://www.procleancorp.com.au/strata-cleaning-sydney,0,318,0%,40.47
https://www.procleancorp.com.au/industrial-cleaning-sydney,0,288,0%,63.61
https://www.procleancorp.com.au/childcare-centre-cleaning-sydney,0,277,0%,64.93
https://www.procleancorp.com.au/office-cleaning-chatswood,0,199,0%,29.64
https://www.procleancorp.com.au/commercial-cleaning-sydney,0,194,0%,42.97
https://www.procleancorp.com.au/cleaning-services-industrial-commercial,0,150,0%,65.42
https://www.procleancorp.com.au/medical-cleaning-castle-hill,0,130,0%,56.74
https://www.procleancorp.com.au/strata-cleaning-maroubra,0,119,0%,51.43
https://www.procleancorp.com.au/shopping-centre-cleaning-sydney,0,109,0%,37.77
https://www.procleancorp.com.au/commercial-cleaning-inner-west,0,103,0%,17.6
https://www.procleancorp.com.au/pub-club-cleaning-sydney,0,94,0%,20.72
https://www.procleancorp.com.au/office-cleaning-macquarie-park,0,89,0%,34.88
https://www.procleancorp.com.au/commercial-cleaning-parramatta,0,89,0%,54.52
https://www.procleancorp.com.au/office-cleaning-silverwater,0,86,0%,21.26
https://www.procleancorp.com.au/commercial-cleaning-north-sydney,0,86,0%,50.34
https://www.procleancorp.com.au/office-cleaning-alexandria,0,82,0%,40.46
https://www.procleancorp.com.au/showroom-cleaning-sydney,0,81,0%,26.25
https://www.procleancorp.com.au/commercial-cleaning-alexandria,0,80,0%,30.95
https://www.procleancorp.com.au/office-cleaning-hornsby,0,78,0%,8.24
https://www.procleancorp.com.au/commercial-cleaning-wetherill-park,0,69,0%,28.52
https://www.procleancorp.com.au/body-corporate-cleaning-sydney,0,68,0%,13.28
https://www.procleancorp.com.au/professional-commercial-cleaning,0,68,0%,63.93
https://www.procleancorp.com.au/strata-cleaning-coogee,0,64,0%,44.02
https://www.procleancorp.com.au/office-cleaning-arncliffe,0,63,0%,12.08
https://www.procleancorp.com.au/strata-cleaning-bondi,0,63,0%,19.11
https://www.procleancorp.com.au/commercial-cleaning-lane-cove,0,62,0%,17.73
"https://www.procleancorp.com.au/contact-us?source=service-locations&location=Avalon 
NSW&region=Northwest Sydney",0,62,0%,40.03
https://www.procleancorp.com.au/commercial-cleaning-bondi-junction,0,59,0%,49.49
https://www.procleancorp.com.au/office-cleaning-kogarah,0,57,0%,9.39
https://www.procleancorp.com.au/warehouse-cleaning-blacktown,0,56,0%,50.91
https://www.procleancorp.com.au/business-cleaning,0,56,0%,59.21
https://www.procleancorp.com.au/commercial-cleaning-penrith,0,52,0%,20.12
https://www.procleancorp.com.au/commercial-cleaning-hornsby,0,51,0%,30.71
https://www.procleancorp.com.au/school-cleaning-services-sydney,0,51,0%,74.39
https://www.procleancorp.com.au/commercial-cleaning-chatswood,0,49,0%,47.12
https://www.procleancorp.com.au/gym-cleaning-north-sydney,0,47,0%,47.06
https://www.procleancorp.com.au/commercial-cleaning-bankstown,0,46,0%,27
https://www.procleancorp.com.au/commercial-cleaning-fairfield,0,43,0%,15.4
https://www.procleancorp.com.au/gym-cleaning-newcastle,0,42,0%,24.52
https://www.procleancorp.com.au/commercial-cleaning-services,0,41,0%,54.85
https://www.procleancorp.com.au/office-cleaners-near-me,0,41,0%,67.8
https://www.procleancorp.com.au/commercial-cleaning-newtown,0,39,0%,16.51
https://www.procleancorp.com.au/church-cleaning-sydney,0,37,0%,17.97
https://www.procleancorp.com.au/commercial-kitchen-cleaning-sydney,0,37,0%,30.14
https://www.procleancorp.com.au/strata-cleaning-north-sydney,0,36,0%,26.67
https://www.procleancorp.com.au/commercial-cleaning-pagewood,0,36,0%,28.58
https://www.procleancorp.com.au/commercial-cleaning-artarmon,0,33,0%,29.39
https://www.procleancorp.com.au/commercial-cleaning-oatley,0,29,0%,7.17
https://www.procleancorp.com.au/commercial-cleaning-huntingwood,0,29,0%,43.55
https://www.procleancorp.com.au/industrial-cleaning-services-sydney,0,29,0%,44.45
https://www.procleancorp.com.au/commercial-cleaning-mascot,0,29,0%,57.31
https://www.procleancorp.com.au/contact-us,0,27,0%,27.44
https://www.procleancorp.com.au/commercial-cleaning-wentworth-point,0,24,0%,6.17
https://www.procleancorp.com.au/commercial-cleaning-auburn,0,22,0%,14.95
https://www.procleancorp.com.au/commercial-cleaning-macquarie-park,0,20,0%,27
https://www.procleancorp.com.au/office-cleaning-mascot,0,18,0%,26.11
https://www.procleancorp.com.au/commercial-cleaning-rydalmere,0,18,0%,27.67
https://www.procleancorp.com.au/commercial-cleaning-silverwater,0,17,0%,25.88
https://www.procleancorp.com.au/commercial-cleaning-st-leonards,0,17,0%,51.47
https://www.procleancorp.com.au/commercial-cleaning-bondi,0,16,0%,35.75
https://www.procleancorp.com.au/gym-cleaning-silverwater,0,16,0%,49.5
https://www.procleancorp.com.au/office-cleaning-wetherill-park,0,15,0%,18.73
https://www.procleancorp.com.au/commercial-cleaners-near-me,0,15,0%,48.93
https://www.procleancorp.com.au/commercial-cleaning-hills-district,0,14,0%,23.5
https://www.procleancorp.com.au/strata-cleaning-kings-cross,0,14,0%,34.64
https://www.procleancorp.com.au/gym-cleaning-mayfield,0,14,0%,42.29
https://www.procleancorp.com.au/office-cleaning-revesby,0,14,0%,55.14
https://www.procleancorp.com.au/commercial-cleaning-hurstville,0,13,0%,17.31
https://www.procleancorp.com.au/office-cleaning-brookvale,0,12,0%,8.92
https://www.procleancorp.com.au/commercial-cleaning-manly,0,12,0%,38.58
https://www.procleancorp.com.au/commercial-cleaning-padstow,0,12,0%,60.33
https://www.procleancorp.com.au/commercial-cleaning-crows-nest,0,12,0%,60.75
https://www.procleancorp.com.au/office-cleaning-prospect,0,10,0%,6.6
https://www.procleancorp.com.au/commercial-cleaning-rosebery,0,9,0%,4.33
https://www.procleancorp.com.au/commercial-cleaning-smithfield,0,9,0%,10
https://www.procleancorp.com.au/gym-cleaning-hornsby,0,8,0%,14
https://www.procleancorp.com.au/commercial-cleaning-pyrmont,0,8,0%,57
https://www.procleancorp.com.au/commercial-cleaning-liverpool,0,7,0%,26
https://www.procleancorp.com.au/commercial-cleaning-kings-cross,0,7,0%,29.14
https://www.procleancorp.com.au/commercial-cleaning-marsden-park,0,6,0%,7.17
https://www.procleancorp.com.au/commercial-cleaning-ermington,0,6,0%,12
https://www.procleancorp.com.au/office-cleaning-marsden-park,0,6,0%,16.33
https://www.procleancorp.com.au/commercial-cleaning-brookvale,0,6,0%,28
https://www.procleancorp.com.au/commercial-cleaning-western-sydney,0,6,0%,32.67
https://www.procleancorp.com.au/office-cleaning-bankstown,0,5,0%,27.2
https://www.procleancorp.com.au/gym-cleaning-wetherill-park,0,5,0%,37.2
https://www.procleancorp.com.au/commercial-cleaning-company-near-me,0,4,0%,5.75
https://www.procleancorp.com.au/commercial-cleaning-blacktown,0,4,0%,19.5
https://www.procleancorp.com.au/gym-cleaning-seven-hills,0,3,0%,2.33
https://www.procleancorp.com.au/commercial-cleaning-arndell-park,0,3,0%,3.67
https://www.procleancorp.com.au/commercial-cleaning-barangaroo,0,2,0%,13.5
https://www.procleancorp.com.au/sitemap.xml,0,2,0%,59
https://www.procleancorp.com.au/warehouse-cleaning-alexandria,0,2,0%,76
https://www.procleancorp.com.au/commercial-cleaning-redfern,0,2,0%,83
https://www.procleancorp.com.au/commercial-cleaning-castle-hill,0,1,0%,3
https://www.procleancorp.com.au/office-cleaning-smithfield,0,1,0%,3
https://www.procleancorp.com.au/gym-cleaning-norwest,0,1,0%,4
https://www.procleancorp.com.au/strata-cleaning-hornsby,0,1,0%,7
https://www.procleancorp.com.au/medical-cleaning-liverpool,0,1,0%,13
https://www.procleancorp.com.au/office-cleaning-roseville,0,1,0%,16
https://www.procleancorp.com.au/medical-cleaning-blacktown,0,1,0%,21
https://www.procleancorp.com.au/office-cleaning-sydney-cbd,0,1,0%,27
https://www.procleancorp.com.au/warehouse-cleaning-silverwater,0,1,0%,33
https://www.procleancorp.com.au/commercial-cleaning-eastwood,0,1,0%,65
https://www.procleancorp.com.au/warehouse-cleaning-smithfield,0,1,0%,65
https://www.procleancorp.com.au/commercial-cleaning-rhodes,0,1,0%,78