Top queries,Clicks,Impressions,CTR,Position
pro clean,11,273,4.03%,7.22
pro clean corp,9,27,33.33%,4.37
pro cleaning,3,172,1.74%,7.9
commercial cleaning services in sydney,2,244,0.82%,54.64
proclean,2,91,2.2%,7.9
commercial cleaning services auburn,2,3,66.67%,29.67
office cleaning sydney,1,1618,0.06%,71.21
commercial cleaning companies sydney,1,570,0.18%,49.62
pro clean professional services,1,63,1.59%,17.65
pro cleaners,1,11,9.09%,13.91
pro cleaning group,1,6,16.67%,9.33
pro clean cleaning solutions,1,4,25%,5
pro clean group,1,2,50%,1
proclean facility services,1,2,50%,1
cleaning services,1,1,100%,81
commercial cleaning sydney,0,2557,0%,74.29
commercial cleaning,0,1830,0%,43.2
commercial cleaning services sydney,0,1169,0%,48.97
commercial cleaners sydney,0,1098,0%,71.49
office cleaning,0,1089,0%,26.29
commercial cleaning services,0,895,0%,39.27
office cleaning services sydney,0,705,0%,57.74
industrial cleaning sydney,0,664,0%,62.53
industrial cleaning services sydney,0,596,0%,46.77
office cleaning services,0,595,0%,26.82
commercial cleaning company sydney,0,574,0%,56.81
corporate cleaning,0,567,0%,55.12
office cleaning chatswood,0,485,0%,48.09
office cleaning auburn,0,478,0%,25.24
commercial cleaning auburn,0,478,0%,37.12
office cleaning alexandria,0,465,0%,36.76
gym cleaning sydney,0,441,0%,64.05
office cleaning north sydney,0,437,0%,81.08
office cleaning sydney cbd,0,427,0%,56.43
office cleaning macquarie park,0,425,0%,50.84
warehouse cleaning,0,414,0%,47.97
commercial cleaning alexandria,0,410,0%,38
gym cleaning,0,405,0%,60.22
gym cleaning services,0,398,0%,51.58
corporate cleaning services,0,397,0%,57.56
professional commercial cleaning,0,396,0%,45.48
warehouse cleaning sydney,0,395,0%,44.81
medical cleaning sydney,0,393,0%,77.01
office cleaning company sydney,0,383,0%,49.79
commercial cleaning company,0,365,0%,34.37
strata cleaning services,0,332,0%,65.72
commercial cleaning nsw,0,326,0%,47.03
commercial strata cleaning,0,322,0%,52.9
commercial cleaners,0,320,0%,36.1
commercial office cleaning services sydney,0,317,0%,56.27
commercial cleaning sydney cbd,0,317,0%,67.67
sydney commercial cleaning services,0,313,0%,61.53
office cleaners,0,308,0%,36.11
commercial cleaning macquarie park,0,307,0%,58.93
professional commercial cleaning services,0,305,0%,46.15
office cleaning company,0,300,0%,32.82
corporate cleaning sydney,0,298,0%,52.92
medical office cleaning services,0,295,0%,45.3
medical centre cleaning sydney,0,292,0%,44.02
commercial cleaning hornsby,0,292,0%,56.23
gym cleaning services sydney,0,281,0%,44.7
commercial office cleaning sydney,0,278,0%,58.86
sydney commercial cleaning,0,253,0%,60.34
commercial cleaning in sydney,0,241,0%,58.1
medical centre cleaning,0,227,0%,35.3
strata cleaning maroubra,0,223,0%,16.91
strata cleaning sydney,0,223,0%,74.51
office cleaning companies sydney,0,209,0%,50.23
office cleaners sydney,0,206,0%,62.02
commercial cleaning service sydney,0,202,0%,49.76
office cleaners near me,0,201,0%,22.79
healthcare cleaning services,0,181,0%,75.04
medical centre cleaning services,0,180,0%,34.88
sydney strata cleaners,0,179,0%,61.35
sydney office cleaning services,0,175,0%,58.83
commercial cleaner,0,172,0%,45.64
strata cleaning services sydney,0,169,0%,54.39
commercial building cleaning sydney,0,168,0%,55.28
commercial & corporate cleaning,0,164,0%,44.32
medical facility cleaning services,0,163,0%,52.06
fitness centre cleaning sydney,0,160,0%,42.13
commercial cleaning service,0,159,0%,37.44
commercial property cleaning,0,159,0%,38.99
warehouse cleaners sydney,0,159,0%,40.47
strata cleaning coogee,0,155,0%,18.22
commercial cleaning chatswood,0,153,0%,59.83
commercial cleaning company in sydney,0,150,0%,55.93
commercial cleaner sydney,0,149,0%,72.12
professional commercial cleaning companies,0,141,0%,28.88
office cleaning service,0,139,0%,31.93
office cleaning service sydney,0,137,0%,56.09
best commercial cleaning in sydney,0,137,0%,70.15
commercial cleaning north sydney,0,136,0%,52.54
commercial cleaners near me,0,135,0%,27.06
healthcare facility cleaning,0,131,0%,63.4
strata and commercial cleaning,0,130,0%,59.59
strata cleaning bondi,0,129,0%,35.53
commercial cleaners in sydney,0,125,0%,72.38
gym cleaning service sydney,0,123,0%,43.85
warehouse cleaning services,0,123,0%,58.11
gym cleaners sydney,0,121,0%,38.61
sydney commercial cleaners,0,120,0%,56.97
commercial cleaning professionals,0,119,0%,42.6
sydney office cleaning,0,119,0%,57.93
body corporate cleaning sydney,0,117,0%,29.2
commercial property cleaning services,0,116,0%,42.95
office cleaning in sydney,0,113,0%,54.44
commercial cleaners auburn,0,112,0%,30.48
office cleaning companies,0,111,0%,29.05
gym equipment cleaners sydney,0,107,0%,38.53
fitness cleaning services,0,105,0%,31.6
hospital cleaning companies,0,105,0%,35.1
factory cleaning sydney,0,104,0%,54.99
office cleaning hornsby,0,103,0%,19.28
warehouse cleaner,0,103,0%,33.43
office cleaning prospect,0,101,0%,28.35
industrial cleaning companies,0,101,0%,33.73
body corporate cleaning services sydney,0,101,0%,45.89
industrial cleaning management,0,101,0%,68.55
office cleaner sydney,0,101,0%,79.91
office cleaning services near me,0,100,0%,18.54
commercial cleaning silverwater,0,100,0%,56.98
medical device cleaning company,0,99,0%,36.36
commercial gym cleaning,0,99,0%,39.01
office cleaning surry hills,0,98,0%,59
gym equipment cleaning solution sydney,0,97,0%,43.1
commercial property cleaners,0,96,0%,37.26
gym floor cleaning service sydney,0,96,0%,45.41
corporate cleaning services sydney,0,96,0%,59.93
office cleaning darlinghurst,0,95,0%,70.17
commercial cleaning companies,0,94,0%,43.04
industrial cleaning service,0,94,0%,44.19
leisure centre cleaning,0,93,0%,50.01
commercial & corporate cleaning sydney,0,93,0%,55.74
commercial kitchen cleaning sydney,0,93,0%,75.27
commercial cleaning surry hills,0,93,0%,78.9
sterile cleaning services,0,92,0%,26.21
commercial cleaning companies near me,0,91,0%,35.33
strata cleaning companies sydney,0,91,0%,54.73
cleaning services commercial,0,90,0%,37.16
commercial premises cleaning,0,90,0%,50.48
pro cleans,0,89,0%,14.01
medical grade cleaning services,0,89,0%,25.37
fitness center cleaning,0,89,0%,50.31
healthcare office cleaning,0,88,0%,40.28
strata cleaning in sydney,0,87,0%,73.87
gym cleaners,0,87,0%,74.69
hospital grade cleaning services,0,85,0%,31.19
medical cleaning,0,85,0%,33.44
medical office cleaning company,0,85,0%,34.59
professional cleaning solutions,0,85,0%,46.81
gym cleaner near me,0,84,0%,47.17
corp cleaning services,0,83,0%,8.78
commercial cleaning near me,0,82,0%,40.46
shopping centre cleaning sydney,0,81,0%,67.04
fitness center cleaning sydney,0,80,0%,36.01
gym floor cleaning service,0,79,0%,25.62
childcare centre cleaning sydney,0,77,0%,60.27
industrial cleaning services,0,75,0%,31.25
commercial office cleaning,0,75,0%,33.19
gym sanitisation service sydney,0,75,0%,33.55
office cleaners in sydney,0,75,0%,69.88
commercial cleaning wentworth point,0,74,0%,31.96
commercial cleaning inner west,0,74,0%,39.49
pro commercial cleaning sydney,0,73,0%,6.63
commercial cleaning business,0,73,0%,51.27
office cleaning near me,0,72,0%,27.75
gym cleaning company,0,71,0%,57.1
hospital cleaning sydney,0,71,0%,81.61
business cleaning services sydney,0,70,0%,45.56
industrial cleaning,0,70,0%,50.59
commercial cleaning companies in sydney,0,68,0%,51.22
commercial cleaning eastern suburbs,0,68,0%,75.57
strata cleaners sydney,0,68,0%,75.88
shopping centre cleaning services sydney,0,67,0%,63.21
commercial cleaning bondi,0,66,0%,77.32
medical center cleaning services in sydney,0,65,0%,34.74
gym cleaning near me,0,65,0%,37.51
warehouse cleaning company,0,63,0%,42.92
commercial cleaning contractors sydney,0,63,0%,64.08
corporate cleaning company,0,63,0%,67.49
medical centre cleaning newcastle,0,63,0%,74.59
medical office cleaning,0,63,0%,79.92
office cleaning silverwater,0,62,0%,50.23
sydney warehouse sweeping,0,62,0%,58.5
cleaning services for gyms,0,62,0%,66.92
hospital disinfection services,0,61,0%,39.84
commercial cleaning huntingwood,0,61,0%,44.1
commercial cleaning eastwood,0,61,0%,56.52
shopping centre cleaning companies sydney,0,60,0%,65.73
business cleaning,0,59,0%,40.66
gym cleaning service,0,59,0%,60.2
hospital cleaning company,0,58,0%,32.16
medical cleaning companies,0,58,0%,38.86
commercial cleaning services australia,0,58,0%,68.83
sydney office cleaners,0,57,0%,68.56
strata cleaning nsw,0,56,0%,40.25
industrial cleaning companies sydney,0,56,0%,40.77
bar cleaning sydney,0,55,0%,16.51
commercial building cleaning,0,55,0%,40.64
strata cleaning sydney cbd,0,54,0%,29.81
office & commercial cleaning,0,54,0%,34.28
warehouse cleaning service,0,54,0%,63.3
retail cleaning sydney,0,54,0%,71.72
commercial cleaning castle hill,0,54,0%,76.96
gym cleaning company sydney,0,53,0%,33.83
commercial cleaning darlinghurst,0,53,0%,58.83
carpet cleaning wentworthville,0,53,0%,81.28
strata building cleaning,0,52,0%,58.27
commercial kitchen cleaning services sydney,0,51,0%,60.63
strata cleaning and maintenance,0,51,0%,71.16
commercial cleaning marrickville,0,51,0%,82.47
office cleaning arncliffe,0,50,0%,9.02
medical office cleaning contract,0,50,0%,45.3
corporate cleaners,0,48,0%,40.04
medical center cleaning in sydney,0,48,0%,42.48
sydney warehouse scrubbing,0,48,0%,54.73
warehouse floor cleaning,0,48,0%,87.56
office cleaning wetherill park,0,47,0%,46.06
commercial cleaning specialists,0,46,0%,50.52
warehouse sweeping,0,46,0%,76.17
medical office cleaning service,0,46,0%,79.09
hospital cleaning service providers,0,45,0%,29.02
alexandria business cleaning,0,45,0%,36.69
commercial cleaning rydalmere,0,45,0%,49.51
industrial cleaning company,0,45,0%,49.89
warehouse cleaner near me,0,44,0%,21.02
commercial cleaning parramatta,0,44,0%,74.07
common area cleaning sydney,0,43,0%,40.44
healthcare cleaning companies,0,43,0%,74.51
strata cleaning company,0,42,0%,60.76
warehouse sweeping sydney,0,42,0%,61.14
officecleaning sydney cbd,0,42,0%,71.6
hospital cleaning agency,0,41,0%,36.73
alexandria office cleaning,0,41,0%,38.78
gym cleaning companies,0,41,0%,61.34
industrial cleaners sydney,0,41,0%,67.02
commercial cleaner near me,0,40,0%,42.25
commercial cleaning services in australia,0,40,0%,70.38
body corporate cleaning,0,40,0%,71.58
clean corp,0,39,0%,15.31
medical cleaning services sydney,0,39,0%,43.26
commercial kitchen cleaning service sydney,0,39,0%,52.1
commercial cleaners revesby,0,39,0%,54.49
commercial cleaning arncliffe,0,38,0%,10.87
office cleaners arncliffe,0,38,0%,11.61
pro cleaning services,0,38,0%,20.61
professional strata cleaning,0,38,0%,33.13
warehouse cleaning near me,0,38,0%,36.84
professional commercial cleaning sydney,0,38,0%,42.11
what is strata cleaning,0,38,0%,76.76
specialised medical cleaning,0,37,0%,36.73
commercial clean,0,37,0%,41.65
corporate office cleaning services,0,37,0%,42.16
commercial cleaners wetherill park,0,36,0%,29.78
office cleaning services in sydney,0,36,0%,64.53
office cleaning service company,0,35,0%,34.34
strata cleaning penrith sydney,0,35,0%,40.14
professional office cleaning,0,35,0%,49.26
premier commercial cleaning,0,34,0%,8.38
arncliffe office cleaners,0,34,0%,10
strata cleaning north sydney,0,34,0%,29.18
professional cleaning services sydney,0,34,0%,43.59
proklean australia,0,34,0%,50.82
commercial office cleaning company,0,33,0%,19.18
industrial cleaning services in sydney,0,33,0%,45.76
fitness centre cleaning,0,33,0%,48.85
strata cleaning services in sydney,0,33,0%,50.97
industrial cleaning liverpool sydney,0,33,0%,62.18
medical centre cleaning fairfield sydney,0,33,0%,62.67
body corporate cleaning services,0,33,0%,76.85
warehouse cleaning campbelltown sydney,0,32,0%,16.81
cleancorp,0,32,0%,21.56
cleaning corp,0,32,0%,23.09
commercial cleaners alexandria,0,32,0%,42.12
office clean,0,31,0%,36.39
cleaning services commercial business,0,31,0%,43.13
professional cleaning sydney,0,31,0%,65.87
commercial cleaner in auburn nsw,0,30,0%,34.7
commercial cleaning penrith,0,30,0%,56.03
medical cleaning services,0,30,0%,77.6
facility management cleaning sydney,0,29,0%,57.72
commercial cleaning arndell park,0,28,0%,18.29
office cleaner near me,0,28,0%,30.93
commercial housekeeping services,0,28,0%,36.89
nsw commercial cleaning,0,28,0%,38.04
office cleaning lane cove,0,27,0%,10.78
gym cleaning newcastle,0,27,0%,18.7
strata cleaners arncliffe,0,27,0%,26.81
hospital cleaning services,0,27,0%,28.11
commercial cleaning agency,0,27,0%,42.48
commercial deep cleaning,0,27,0%,43.52
commercial cleaners macquarie park,0,27,0%,52
inner west commercial cleaning,0,26,0%,18.88
office cleaning artarmon,0,26,0%,21.12
commercial cleaning services near me,0,26,0%,27.58
business cleaning services,0,26,0%,34.73
commercial cleaners service,0,26,0%,45.04
healthcare cleaning sydney,0,26,0%,48.04
commercial medical cleaning services,0,26,0%,50.85
fitness facility cleaning,0,26,0%,59.42
office cleaning cremorne,0,26,0%,73.92
office cleaning bondi,0,26,0%,74.08
commercial cleaners arncliffe,0,25,0%,15.12
gym cleaning services in sydney,0,25,0%,37.88
commercial building cleaning services,0,25,0%,51.32
commercial cleaning manly,0,25,0%,78.8
arncliffe office cleaning,0,24,0%,7.5
commercial cleaning corp,0,24,0%,32.75
factory cleaning services in sydney,0,24,0%,44.5
office cleaning brooklyn,0,24,0%,70.42
inner west commercial cleaners,0,23,0%,25.96
gym cleaner,0,23,0%,52.7
medical clinic cleaning,0,23,0%,64.22
cleanlikeapro,0,22,0%,4.05
commercial cleaners lane cove,0,22,0%,20.32
gym cleaning parramatta,0,22,0%,20.59
companies that clean offices,0,22,0%,37.68
medical cleaning service,0,22,0%,44.86
warehouse cleaning sydney nsw,0,22,0%,45.09
healthcare cleaning service,0,22,0%,65.55
commercial cleaning wetherill park,0,22,0%,71.77
warehouse cleaning services in sydney,0,21,0%,25.29
professional office cleaning services,0,21,0%,35.29
cleaning office services,0,21,0%,36.14
office cleaning mascot,0,21,0%,39.95
factory cleaning services sydney nsw,0,21,0%,46.71
commercial cleaning newtown,0,21,0%,55.86
corporate office cleaning,0,21,0%,58.05
office / commercial cleaning sydney,0,21,0%,65.1
kindergarten cleaning sydney,0,21,0%,88.86
warehouse cleaning services sydney,0,20,0%,35.7
sydney strata cleaning,0,20,0%,48.2
office cleaning penrith,0,20,0%,51.2
commercial cleaning cremorne,0,20,0%,53.4
commercial+cleaning,0,20,0%,53.45
clinical cleaning services,0,20,0%,63.35
church cleaning sydney,0,20,0%,66.6
commercial+cleaning+sydney,0,20,0%,73.9
proclean services,0,19,0%,1.95
professional cleaning services commercial,0,19,0%,27.47
gym cleaning company in sydney,0,19,0%,29.68
corporate cleaning companies,0,19,0%,35.26
cleaning service in hospital,0,19,0%,36.21
business cleaner,0,19,0%,50.05
childcare center cleaning in sydney,0,19,0%,62.63
cleaning business sydney,0,19,0%,63.05
medical office cleaners,0,19,0%,63.21
commercial sweeping sydney,0,19,0%,64.74
strata clean,0,19,0%,71.53
office cleaning services north sydney,0,19,0%,74
kogarah office cleaners,0,18,0%,8.11
car showroom cleaning sydney,0,18,0%,11.33
office cleaning kogarah,0,18,0%,18
commercial cleaning company sydney nsw,0,18,0%,33.5
fitness center cleaning services,0,18,0%,33.56
commercial office cleaners sydney,0,18,0%,34.11
cleaning offices services,0,18,0%,37.72
strata cleaning parramatta,0,18,0%,38.28
office cleaning services australia,0,18,0%,38.72
health cleaning services,0,18,0%,40.17
commercial cleaners rosebery,0,18,0%,40.61
showroom cleaning sydney,0,18,0%,42.11
commercial cleaning company australia,0,18,0%,52.06
medical center cleaning company in sydney,0,18,0%,52.94
commercial cleaning experts,0,18,0%,55
healthcare cleaning company,0,18,0%,57.61
commercial cleaning blacktown,0,18,0%,75.28
strata cleaning contracts,0,18,0%,76.78
commercial cleaners australia,0,18,0%,79
commercial cleaners inner west,0,17,0%,27.24
business cleaning companies near me,0,17,0%,29.76
commercial cleaners earlwood,0,17,0%,36.59
commercial office cleaning services,0,17,0%,39.24
commercial cleaning bankstown,0,17,0%,39.65
business office cleaning,0,17,0%,40.65
hospital cleaning services sydney,0,17,0%,47.94
commercial+cleaner,0,17,0%,55.47
cleaners for office sydney nsw,0,17,0%,56.76
office cleaning franchise sydney,0,17,0%,64.88
child care cleaning sydney,0,17,0%,70.06
office cleaning parramatta,0,17,0%,76.94
pro cleaning solutions,0,16,0%,13.69
professional business cleaning services,0,16,0%,25.94
arncliffe strata cleaners,0,16,0%,28.12
cleaning services office,0,16,0%,28.69
commercial cleaning bondi junction,0,16,0%,34.5
professional industrial cleaning services,0,16,0%,35.62
strata cleaner near me,0,16,0%,48.69
office cleaning revesby,0,16,0%,53.81
commercial property cleaning sydney nsw,0,16,0%,56.06
commercial cleaners drummoyne,0,16,0%,56.12
professional property and cleaning services,0,16,0%,59.12
factory cleaning,0,16,0%,73.19
commercial cleaning mosman,0,16,0%,84.31
end of lease cleaning macquarie park,0,16,0%,84.62
gym cleaning penrith,0,15,0%,8.13
strata cleaning arncliffe,0,15,0%,17.07
residential commercial cleaning services,0,15,0%,28.53
commercial space cleaning,0,15,0%,40.73
commercial cleaning crew,0,15,0%,46.27
commercial janitorial,0,15,0%,50.67
commercial cleaners north sydney,0,15,0%,74.53
commercial cleaning liverpool,0,15,0%,78.87
commercial cleaners pagewood,0,14,0%,15.93
professional commercial cleaning services near me,0,14,0%,17.29
arncliffe strata cleaning,0,14,0%,25.93
professional cleaning business,0,14,0%,28.64
commercial cleaners mascot,0,14,0%,31.29
deep cleaning commercial,0,14,0%,35.36
commercial cleaning services western sydney,0,14,0%,36.14
cleaning commercial buildings,0,14,0%,37.36
newtown commercial cleaners,0,14,0%,41.93
commercial floor cleaning sydney nsw,0,14,0%,42.07
warehouse cleaners,0,14,0%,44.86
commercial cleaning contractor,0,14,0%,45.86
strata cleaners inner west,0,14,0%,46.43
cleaning services for commercial,0,14,0%,46.79
commercial cleaning janitorial,0,14,0%,48.14
sydney cleaning business,0,14,0%,49.79
strata cleaning inner west,0,14,0%,50.14
corporate janitorial services,0,14,0%,61.43
medical center cleaning sydney,0,14,0%,62
professional industrial cleaning solutions,0,14,0%,68.21
kogarah office cleaning,0,13,0%,15.23
commercial cleaners newtown,0,13,0%,15.92
office cleaner,0,13,0%,20.54
commercial office cleaning services near me,0,13,0%,22.08
office cleaning agency,0,13,0%,28.23
commercial business cleaning services,0,13,0%,30.15
gym cleaning mayfield,0,13,0%,31.62
commercial cleaning businesses,0,13,0%,35.62
deep cleaning commercial services,0,13,0%,35.62
business cleaning service,0,13,0%,37.85
commercial home cleaning services,0,13,0%,39.69
strata cleaning services kings cross,0,13,0%,42.92
commercial cleaner in wetherill park,0,13,0%,43.54
cleaning companies commercial,0,13,0%,43.92
commercial janitorial services,0,13,0%,45.62
glebe office cleaners,0,13,0%,57.31
commercial cleaning glebe,0,13,0%,59.38
medical practice cleaning,0,13,0%,78.54
strata cleaning marrickville,0,13,0%,79.69
leichhardt commercial cleaning,0,13,0%,80.92
office cleaning blacktown,0,13,0%,85.31
"pro clean, sydney, new south wales, australia",0,12,0%,4.08
pro cleaning services sydney,0,12,0%,8
commercial residential cleaning company,0,12,0%,19.5
commercial building cleaning services near me,0,12,0%,23.58
commercial office cleaners near me,0,12,0%,24.92
cleaning of warehouse,0,12,0%,25.67
commercial cleaning corporation,0,12,0%,29.17
industrial factory cleaning,0,12,0%,29.67
commercial cleaners oatley,0,12,0%,34.75
medical centre cleaning service,0,12,0%,34.92
professional office cleaners sydney nsw,0,12,0%,39.42
commercial cleaning earlwood,0,12,0%,42.33
commercial deep cleaning sydney,0,12,0%,48.75
commercial industrial cleaning sydney nsw,0,12,0%,50.92
office cleaners glebe,0,12,0%,52.92
business cleaning sydney,0,12,0%,54.5
commercial cleaning barangaroo,0,12,0%,55.67
commercial cleaning contractors,0,12,0%,56
day care centre cleaners sydney,0,12,0%,62.25
child care cleaning in sydney,0,12,0%,64.67
child care centre cleaning sydney,0,12,0%,65
medical facility cleaning,0,12,0%,71.08
strata cleaners earlwood,0,12,0%,73.75
warehouse floor cleaning service,0,12,0%,75.58
business cleaning australia,0,12,0%,76.5
strata cleaners newtown,0,12,0%,77.42
industrial warehouse cleaning services,0,12,0%,81.92
commercial cleaners botany,0,12,0%,82.33
commercial cleaning balmain,0,12,0%,83.33
office cleaning blacktown sydney,0,12,0%,85.75
five dock commercial cleaning,0,12,0%,86.5
commercial cleaning supplies sydney,0,12,0%,88.33
newtown commercial cleaning,0,11,0%,17.64
commercial janitorial cleaning services near me,0,11,0%,20.55
office cleaning agency near me,0,11,0%,23.09
commercial house cleaning,0,11,0%,24.45
office cleaning bankstown,0,11,0%,25
gym and fitness center cleaning services,0,11,0%,28
commercial cleaning consultants,0,11,0%,29.36
office cleaning contractors,0,11,0%,30.09
commercial and residential cleaning,0,11,0%,31
commercial childcare centre cleaning,0,11,0%,32.91
commercial deep cleaning services,0,11,0%,34.55
office cleaning business,0,11,0%,35.82
commercial cleaners hurstville,0,11,0%,43.82
cleaning office buildings,0,11,0%,44.55
affordable commercial cleaning,0,11,0%,47.73
commercial cleaners dulwich hill,0,11,0%,48.91
janitorial commercial services,0,11,0%,48.91
professional commercial cleaning company,0,11,0%,51.36
childcare center cleaning sydney,0,11,0%,59.82
hospital cleaning equipment sydney,0,11,0%,59.82
commercial cleaners glebe,0,11,0%,61.91
cleaning services macquarie park,0,11,0%,64.09
strata cleaners marrickville,0,11,0%,66.73
glebe commercial cleaning,0,11,0%,67
commercial warehouse cleaning,0,11,0%,67.09
sun cleaning corp,0,11,0%,67.73
commercial cleaning kogarah,0,11,0%,70.36
commercial cleaning artarmon,0,11,0%,71.27
commercial cleaning drummoyne,0,11,0%,74.27
office cleaning company in sydney,0,11,0%,75
commercial cleaners leichhardt,0,11,0%,75.55
strata cleaners concord,0,11,0%,76.64
commercial cleaners five dock,0,11,0%,77.09
strata cleaning glebe,0,11,0%,77.27
office cleaners drummoyne,0,11,0%,77.55
commercial cleaning leichhardt,0,11,0%,78.73
strata cleaners glebe,0,11,0%,83.09
factory sweeping sydney,0,11,0%,84.18
pro clean services,0,10,0%,1.7
gym cleaning blacktown,0,10,0%,6.7
commercial cleaners smithfield,0,10,0%,12.6
office cleaning oatley,0,10,0%,14.3
pro cleaning sydney,0,10,0%,15.8
insured commercial cleaning,0,10,0%,20.7
car dealership cleaning services,0,10,0%,21
cleaning services commercial near me,0,10,0%,24
business office cleaning services,0,10,0%,26
office property cleaning,0,10,0%,26
cleaning services near me commercial,0,10,0%,26.3
professional clean,0,10,0%,27
office cleaning companies near me,0,10,0%,28.8
gymnasium cleaning,0,10,0%,30.6
deep cleaning office services,0,10,0%,30.8
medical center cleaning services,0,10,0%,31.5
medical centre cleaning companies,0,10,0%,32.1
commercial office cleaning companies,0,10,0%,32.5
commercial office cleaning service,0,10,0%,32.9
office cleaners inner west,0,10,0%,33.8
business cleaning company,0,10,0%,37.6
medical centre cleaners,0,10,0%,38.6
cleaning services medical offices,0,10,0%,39.4
business janitorial services,0,10,0%,39.6
clean commercial cleaning,0,10,0%,40
commercial+cleaner+near+me,0,10,0%,42.3
inner west office cleaners,0,10,0%,47.9
commercial cleaning companies in my area,0,10,0%,49.7
warehouse cleaner brookvale,0,10,0%,52.9
commercial kitchen cleaners sydney,0,10,0%,60
child care centre cleaning services sydney,0,10,0%,61.3
institutional cleaning,0,10,0%,61.5
cleaner for business,0,10,0%,64.3
cleaning medical offices,0,10,0%,64.4
child care cleaning services sydney,0,10,0%,65.1
kindergarten centre cleaning sydney,0,10,0%,68.5
cleaners warehouse sydney,0,10,0%,68.6
commercial cleaning rose bay,0,10,0%,68.7
house cleaning macquarie park,0,10,0%,69.6
strata cleaners five dock,0,10,0%,72.8
cleaning services mascot,0,10,0%,72.9
industrial clean,0,10,0%,73.5
office cleaners five dock,0,10,0%,76.8
childcare cleaning sydney,0,10,0%,80.4
office cleaning drummoyne,0,10,0%,81.8
five dock commercial cleaners,0,10,0%,83
school and medical cleaning,0,10,0%,84.8
gym cleaning kogarah,0,9,0%,11.67
"cleaning business, sydney, new south wales, australia",0,9,0%,16.67
professional office cleaning services near me,0,9,0%,17.22
oatley strata cleaners,0,9,0%,19
commercial residential cleaning,0,9,0%,24.11
residential & commercial cleaning,0,9,0%,29.56
residential and commercial cleaning,0,9,0%,29.89
office commercial cleaning services,0,9,0%,31
commercial cleaning western sydney,0,9,0%,34.78
office cleanig,0,9,0%,35.89
commercial cleaners silverwater,0,9,0%,37
janitorial cleaning company,0,9,0%,37.56
trusted commercial cleaning,0,9,0%,37.67
commercial+cleaning+services,0,9,0%,41.89
the commercial cleaning services,0,9,0%,44.67
commercial cleaning brookvale,0,9,0%,45.89
commercial cleaning hurstville,0,9,0%,47.44
glebe office cleaning,0,9,0%,48.89
commercial floor cleaning sydney,0,9,0%,51
commercial janitorial companies,0,9,0%,53.56
property cleaning services sydney,0,9,0%,56.11
office cleaning companies australia,0,9,0%,56.33
commercial cleaning maintenance,0,9,0%,57.89
sydney commercial cleaning service,0,9,0%,64.44
industrial warehouse cleaning,0,9,0%,64.89
earlwood commercial cleaners,0,9,0%,65.56
office cleaning glebe,0,9,0%,65.89
office cleaners leichhardt,0,9,0%,67.67
commercial office cleaning north sydney,0,9,0%,69
workplace cleaner,0,9,0%,70.22
dulwich hill commercial cleaners,0,9,0%,70.78
glebe commercial cleaners,0,9,0%,71.44
strata cleaners balmain,0,9,0%,71.78
commercial cleaners balmain,0,9,0%,73.22
office cleaning carlingford,0,9,0%,77
office cleaning services wetherill park,0,9,0%,77.44
leichhardt commercial cleaners,0,9,0%,79.56
earlwood office cleaners,0,9,0%,83.78
strata cleaning concord,0,9,0%,84
office cleaning balmain,0,9,0%,84.78
drummoyne office cleaning,0,9,0%,84.89
healthcare commercial cleaning,0,9,0%,85.11
drummoyne office cleaners,0,9,0%,85.22
commercial cleaning services wetherill park,0,9,0%,90.78
proclean cleaning services,0,8,0%,3.12
auto dealership cleaning sydney,0,8,0%,8.5
medical centre cleaning castle hill,0,8,0%,10
worship center cleaning company,0,8,0%,15.38
office cleaning hills district,0,8,0%,24.25
pub cleaners sydney,0,8,0%,25.12
reliable office cleaning services,0,8,0%,26.62
commercial deep cleaning services near me,0,8,0%,27.88
warehouse cleaner many vale,0,8,0%,29.88
gym cleaning maryville,0,8,0%,33.5
professional commercial cleaning service,0,8,0%,34.62
medical clinic cleaning services,0,8,0%,35.12
realcorp commercial cleaning,0,8,0%,36.5
clinic cleaners,0,8,0%,37
commercial janitorial companies near me,0,8,0%,38.62
cleaning services in hospital,0,8,0%,39.38
commercial cleaning ermington,0,8,0%,41.25
health care cleaning services,0,8,0%,43.75
commercial cleaning co,0,8,0%,45.25
cleaning strata,0,8,0%,62.75
day care cleaners sydney,0,8,0%,64.75
site cleaning hornsby sydney,0,8,0%,66.88
kogarah commercial cleaners,0,8,0%,69.38
child care centre cleaners sydney,0,8,0%,70.25
corporate cleaning solutions,0,8,0%,70.62
office cleaning earlwood,0,8,0%,77.75
industrial sweeping sydney,0,8,0%,78.38
cleaning solutions sydney,0,8,0%,83.38
strata cleaners croydon,0,8,0%,89.5
commercial carpet cleaning sydney,0,8,0%,89.75
commercial healthcare cleaners,0,8,0%,92.5
office cleaning supplies sydney,0,8,0%,92.62
marrickville commercial cleaners,0,8,0%,96.38
medical centre cleaning penrith,0,7,0%,7
office cleaning pagewood,0,7,0%,11.86
office cleaning inner west,0,7,0%,24.86
professional cleaning services australia,0,7,0%,25.29
office cleaning solutions,0,7,0%,26.43
pro clean cleaning supplies,0,7,0%,31.29
industrial cleaning company sydney nsw,0,7,0%,32.14
medical center cleaning service,0,7,0%,34.29
house cleaning,0,7,0%,35.29
office janitorial services,0,7,0%,37.29
commercial office cleaners,0,7,0%,39
gym cleaning in sydney,0,7,0%,40
office building cleaning services,0,7,0%,42.57
medical cleaning company,0,7,0%,43.71
proclean melbourne,0,7,0%,45
commercial clean group,0,7,0%,45.71
commercial cleaning melrose park,0,7,0%,46.57
pro clean melbourne,0,7,0%,46.86
best commercial cleaning company in sydney,0,7,0%,50.14
fitness studio cleaning,0,7,0%,52
industrial & commercial cleaning,0,7,0%,54.14
strata cleaners,0,7,0%,54.14
concord office cleaners,0,7,0%,56.43
sydney gym cleaners,0,7,0%,56.86
arncliffecommercial cleaning,0,7,0%,61.71
cleaning services arncliffe,0,7,0%,62.43
office cleaner wetherill park,0,7,0%,64.14
strata cleaners drummoyne,0,7,0%,70.71
commercial strata cleaning maitland,0,7,0%,71.57
cleaners for commercial,0,7,0%,72
office cleaning fairfield,0,7,0%,72.71
cleaner macquarie park,0,7,0%,78.14
office cleaners balmain,0,7,0%,79.29
commercial cleaning parramatta sydney,0,7,0%,81.29
commercial cleaning singleton,0,7,0%,81.29
commercial cleaning ryde,0,7,0%,83.14
drummoyne commercial cleaners,0,7,0%,87.86
cleaning for office,0,7,0%,88.29
kogarahcommercial cleaning,0,7,0%,89.71
commercial cleaners marrickville,0,7,0%,90.57
gym cleaning contract services,0,7,0%,91.29
marrickville office cleaners,0,7,0%,93.57
church cleaning services,0,6,0%,1.67
commercial cleaning oatley,0,6,0%,4.5
pro clean cleaning services,0,6,0%,4.5
office cleaning services brookvale,0,6,0%,15.17
worship center cleaning sydney,0,6,0%,16.33
business cleaning services near me,0,6,0%,19.83
commercial cleaning hills district,0,6,0%,22.5
professional office cleaning services sydney,0,6,0%,23.67
medical office janitorial services,0,6,0%,24.83
office cleaner in wetherill park,0,6,0%,26.5
commercial cleaning prospect,0,6,0%,28.5
industrial decontamination,0,6,0%,29.17
office building cleaning,0,6,0%,34.83
experienced commercial cleaning,0,6,0%,36
clean corporation,0,6,0%,37.33
specialist commercial cleaning,0,6,0%,37.5
office commercial cleaning sydney,0,6,0%,37.67
commercial cleaners kogarah,0,6,0%,38
car dealership cleaning,0,6,0%,39.67
strata cleaning contracts sydney,0,6,0%,40.33
bar and club cleaning services,0,6,0%,42.67
office deep cleaning,0,6,0%,43.5
building cleaning services,0,6,0%,44
showroom cleaning,0,6,0%,45.67
equipment cleaning services sydney,0,6,0%,46
office cleaning supplies campbelltown,0,6,0%,47.17
auburn office cleaning,0,6,0%,48.17
cleaning commercial company,0,6,0%,50
medical centre cleaning parramatta,0,6,0%,52.5
gym cleaning seven hills,0,6,0%,57.83
professional gym cleaning services,0,6,0%,67.83
arncliffe commercial cleaners,0,6,0%,68
office cleaning company sydney nsw,0,6,0%,68
commercial warehouse cleaning services,0,6,0%,69.17
strata cleaning,0,6,0%,74
warehouse deep cleaning,0,6,0%,75
commercial cleaners blacktown,0,6,0%,75.17
corporate clean,0,6,0%,78.83
school cleaning services,0,6,0%,79.83
earlwood commercial cleaning,0,6,0%,81.67
workplace cleaning,0,6,0%,82.83
cleaner mascot,0,6,0%,83
office cleaning botany,0,6,0%,83.5
school cleaning company,0,6,0%,83.5
industrial cleaners,0,6,0%,85.17
office cleaners marrickville,0,6,0%,87
office cleaning marrickville,0,6,0%,88.33
commercial cleaning cbd,0,6,0%,89.67
drummoyne commercial cleaning,0,6,0%,90.33
clean professional,0,5,0%,8.8
pro-clean,0,5,0%,9.4
worship center cleaning services,0,5,0%,13.4
expert commercial cleaning provider sydney,0,5,0%,14.4
worship center cleaning services in sydney,0,5,0%,15.8
cleaning pro,0,5,0%,17
cleaning a warehouse,0,5,0%,19.6
proclean property maintenance,0,5,0%,22.6
office cleaning services near sydney nsw,0,5,0%,24.8
retail cleaning services,0,5,0%,27
office cleaning services bankstown,0,5,0%,27.2
gym cleaning cost in sydney,0,5,0%,27.4
janitorial cleaning companies near me,0,5,0%,28.4
gym cleaning services near me,0,5,0%,30.6
sydney commercial cleaning contractor,0,5,0%,31.8
best commercial cleaning services,0,5,0%,35.4
commercial disinfecting services,0,5,0%,35.8
medical centre cleaning services in sydney,0,5,0%,37.4
gym cleaning norwest,0,5,0%,38.8
strata cleaning services hornsby,0,5,0%,39
offce cleaning supplies campbelltown,0,5,0%,43.6
warehouse deep cleaning services,0,5,0%,44.2
cleaning warehouse sydney,0,5,0%,46.6
small office cleaning near me,0,5,0%,46.6
office cleaning agency sydney,0,5,0%,49
gyms cleaning,0,5,0%,49.6
business commercial cleaning,0,5,0%,52.8
medical centre cleaning silverwater,0,5,0%,53.4
bexley strata cleaners,0,5,0%,54
building cleaning services sydney,0,5,0%,56.8
cleaning services crows nest,0,5,0%,57.4
professional office cleaner,0,5,0%,63.8
strata cleaning service,0,5,0%,66.8
commercial gym cleaning company,0,5,0%,68
school cleaning contractors,0,5,0%,68.6
industrial building and warehouse cleaning,0,5,0%,69.6
cleaning services bondi junction,0,5,0%,71
gym cleaning wetherill park,0,5,0%,71.4
office cleaning sydney nsw,0,5,0%,74.4
cleaner bondi junction,0,5,0%,76.4
strata cleaning five dock,0,5,0%,82
office+cleaner+sydney,0,5,0%,85
strata cleaning drummoyne,0,5,0%,86.6
cleaning industrial,0,5,0%,91.4
marrickville office cleaning,0,5,0%,92.8
marrickville commercial cleaning,0,5,0%,98.2
warehouse maintenance services,0,4,0%,15.5
professional commercial cleaners sydney,0,4,0%,16.25
office cleaning brookvale,0,4,0%,17.25
end of lease cleaning western suburbs,0,4,0%,19.25
maternity clinic cleaning sydney,0,4,0%,20.5
xray centre cleaning,0,4,0%,22.25
pub cleaning sydney,0,4,0%,23.25
office cleaning services hornsby,0,4,0%,23.5
best office cleaning services near me,0,4,0%,24
expert commercial cleaning services sydney,0,4,0%,25
commercial office cleaning companies sydney,0,4,0%,25.5
industrial cleaning services sydney nsw,0,4,0%,27
professional+cleaning+solutions,0,4,0%,27.25
gym deep cleaning services,0,4,0%,28
commercial.cleaning company,0,4,0%,29
commercial & office cleaning,0,4,0%,29.75
commercial cleaners banksmeadow,0,4,0%,35.25
best commercial cleaners,0,4,0%,36.75
medical centre cleaning norwest,0,4,0%,38.5
professional medical cleaning services,0,4,0%,39.25
office cleaners concord,0,4,0%,40.75
commercial cleaning office,0,4,0%,42
commercial cleaning services sydney nsw,0,4,0%,42.5
commercial cleaning services blacktown,0,4,0%,43
shopping centre cleaning service sydney,0,4,0%,43
strata pressure cleaning service,0,4,0%,43
strata cleaning services north sydney,0,4,0%,44.5
commercial cleaning service australia,0,4,0%,45
strata cleaning queenscliff,0,4,0%,48
daily commercial cleaning,0,4,0%,49.5
gym+cleaner+near+me,0,4,0%,49.5
industry cleaning services,0,4,0%,49.5
schools cleaning services,0,4,0%,50.25
corporate cleaning service,0,4,0%,50.5
commercial cleaner in blacktown,0,4,0%,51.25
factory cleaning services,0,4,0%,51.5
factory cleaning services sydney,0,4,0%,51.75
office cleaning business sydney,0,4,0%,53
cleaning services for commercial buildings,0,4,0%,53.25
commerical cleaning,0,4,0%,53.25
carpet cleaning rydalmere,0,4,0%,57
warehouse deep clean,0,4,0%,57
office cleaning services rates,0,4,0%,59.5
industrial cleaning services in australia,0,4,0%,63.5
warehouse cleaning many vale,0,4,0%,66.25
strata cleaning companies,0,4,0%,66.5
retail cleaning services sydney,0,4,0%,68
corporate commercial cleaning,0,4,0%,71.25
cleaners office,0,4,0%,71.5
cleaning services pyrmont,0,4,0%,73
office cleaners bexley,0,4,0%,73.25
strata cleaning earlwood,0,4,0%,75.25
apex corporate cleaning,0,4,0%,75.5
corporate+cleaning+services,0,4,0%,75.5
gym cleaning silverwater,0,4,0%,77.5
medical commercial cleaning,0,4,0%,78.25
business premises cleaning,0,4,0%,83.5
strata cleaning burwood,0,4,0%,83.5
commercial cleaning strathfield,0,4,0%,86
commercial cleaners lidcombe,0,4,0%,87.5
office cleaning mosman,0,4,0%,87.5
commercial cleaners penrith,0,4,0%,89
strata cleaners burwood,0,4,0%,95
professional carpet cleaning,0,3,0%,1
pro cleaner,0,3,0%,2.67
prof cleaning,0,3,0%,4.33
car dealership cleaning sydney,0,3,0%,5
pro clean cleaners,0,3,0%,8.33
proclean carpet cleaning,0,3,0%,8.67
car dealership cleaning services sydney,0,3,0%,14.33
clean corporate,0,3,0%,15
commercial cleaning st leonards,0,3,0%,16
industrial cleaners near me,0,3,0%,18.33
cleaning pro services,0,3,0%,20.33
commercial office cleaning near me,0,3,0%,21
pro house cleaning,0,3,0%,22
office cleaning services st leonards,0,3,0%,22.67
business cleaners,0,3,0%,23.33
office cleaning company near me,0,3,0%,24.33
cleaning offices,0,3,0%,26.33
pro clean products,0,3,0%,27.33
cleaning corporations,0,3,0%,27.67
cleaning business in sydney,0,3,0%,29
cleaning commercial offices,0,3,0%,30
professional commercial cleaners,0,3,0%,31.67
commercial office cleaning company sydney,0,3,0%,32.67
commercial and industrial cleaning services,0,3,0%,33
commercial cleaning cleaning services,0,3,0%,33.33
commercial and office cleaning,0,3,0%,34
corporate+office+cleaning+services,0,3,0%,34.67
cleaning services for hospitals,0,3,0%,36.33
professional office cleaning service,0,3,0%,36.33
industry cleaning company,0,3,0%,37
professional commercial,0,3,0%,43.33
office cleaning bexley,0,3,0%,43.67
industrial cleaning equipment sydney,0,3,0%,45.33
medical centre floor scrubbing,0,3,0%,46
office deep cleaning sydney,0,3,0%,47
industrial pressure cleaning sydney,0,3,0%,49
commercial carpet cleaning liverpool,0,3,0%,49.67
corporate office cleaning companies,0,3,0%,51
office cleaning contractors sydney nsw,0,3,0%,51
clean pro cleaning,0,3,0%,51.33
secure cleaning services for dealerships,0,3,0%,52.67
cleaning services industrial commercial,0,3,0%,53
cleaner pyrmont,0,3,0%,53.67
commercial cleaners bexley,0,3,0%,54
janitorial+cleaning,0,3,0%,54.67
commercial warehouse floor cleaning,0,3,0%,56.33
cleaning service commercial,0,3,0%,57.33
corporate cleaning services australia,0,3,0%,57.33
trusted office cleaning,0,3,0%,57.67
heavy industry cleaning,0,3,0%,59.33
industrial commercial cleaning,0,3,0%,60
school cleaning services sydney,0,3,0%,60.33
strata committee cleaning,0,3,0%,60.67
medical center cleaning,0,3,0%,62.67
gym cleaning contract,0,3,0%,65.67
strata cleaning services parramatta,0,3,0%,67.33
cleaning company in sydney,0,3,0%,69.67
commercial building washing sydney,0,3,0%,70.33
commercial cleaning concord,0,3,0%,71.33
professional medical office cleaning,0,3,0%,72
sydney commercial floor cleaning,0,3,0%,73.33
cleaning services lane cove,0,3,0%,73.67
newcastle cleaning for strata managers,0,3,0%,73.67
cleaning services for schools,0,3,0%,74.33
sydney property care,0,3,0%,74.67
childcare centre cleaning,0,3,0%,76
strata commercial cleaning,0,3,0%,76
office cleaning five dock,0,3,0%,76.33
office cleaners earlwood,0,3,0%,77.67
medical center cleaning doonside,0,3,0%,79
office cleaners dulwich hill,0,3,0%,79
small office cleaning services,0,3,0%,79
corporate+cleaning,0,3,0%,79.33
after hours office cleaning,0,3,0%,79.67
cleaners pro,0,3,0%,80
commercial cleaner frenchs forest,0,3,0%,80
cleaning business parramatta,0,3,0%,81
cleaning services wetherill park,0,3,0%,82
school cleaning sydney,0,3,0%,82
oatley office cleaners,0,3,0%,82.33
commercial cleaning north parramatta,0,3,0%,83.33
professional medical office cleaning services,0,3,0%,86.33
day care cleaning services sydney,0,3,0%,87.33
cleaning gyms,0,3,0%,87.67
school cleaning companies,0,3,0%,87.67
industrial surface cleaning,0,3,0%,89
strata building cleaning newcastle,0,3,0%,91
commercial cleaning services for schools,0,3,0%,91.67
school and medical cleaner,0,3,0%,92
end of lease cleaning banksmeadow,0,3,0%,93
strata cleaners leichhardt,0,3,0%,95.67
commercial cleaning forest lake,0,3,0%,96
gym cleaning business,0,2,0%,1
warehouse office cleaning,0,2,0%,1
proclean solutions,0,2,0%,2.5
prof clean,0,2,0%,5.5
cp cleaning services,0,2,0%,6
pro clean up,0,2,0%,6
office cleaner brookvale,0,2,0%,7.5
office cleaners kogarah,0,2,0%,8
pro.clean,0,2,0%,8
retail cleaning,0,2,0%,8.5
professional cleaning group,0,2,0%,12
office cleaners wetherill park,0,2,0%,13.5
professional gym cleaning,0,2,0%,14
pro mould by clean like a pro,0,2,0%,14.5
licensed commercial cleaning,0,2,0%,15
cleaner office,0,2,0%,17.5
commercial cleaner manly,0,2,0%,17.5
professional gym cleaners,0,2,0%,17.5
professional industrial cleaners,0,2,0%,17.5
worship center cleaning,0,2,0%,18
pro-clean cleaning supplies,0,2,0%,18.5
office cleaning services company,0,2,0%,19.5
green commercial cleaning,0,2,0%,20.5
warehouse cleaning services near me,0,2,0%,20.5
reliable commercial cleaning,0,2,0%,21
strata cleaning services bondi,0,2,0%,21
cleaning commercial cleaning,0,2,0%,22
industrial+cleaning+services,0,2,0%,22
office cleaning service near me,0,2,0%,22
commercial cleaning kings cross,0,2,0%,22.5
office+cleaning+services,0,2,0%,23
industrial cleaning firm,0,2,0%,24
cleaning company office,0,2,0%,25
office & commercial cleaning service sydney,0,2,0%,25
office+cleaning+companies,0,2,0%,25.5
licensed cleaning company,0,2,0%,26
office cleaning agencies,0,2,0%,26
retail cleaning companies,0,2,0%,26.5
professional manufacturing plant cleaning services,0,2,0%,27.5
commercial cleans,0,2,0%,28
pro cleaners near me,0,2,0%,28
cleaning office company,0,2,0%,28.5
kingscliff commercial cleaning,0,2,0%,28.5
commercial cleaning agencies,0,2,0%,29
commercial cleaning dee why,0,2,0%,29
office cleaning mortdale,0,2,0%,29
cleaner for office cleaning,0,2,0%,30.5
office cleaning businesses,0,2,0%,30.5
strata cleaning kingsgrove,0,2,0%,30.5
proclean products,0,2,0%,31
company cleaning,0,2,0%,32
gym cleaning hornsby,0,2,0%,32
commercial cleaning services alexandria,0,2,0%,32.5
commercial office cleaning business,0,2,0%,33.5
cleaning service for business,0,2,0%,34
warehouse floor cleaning services,0,2,0%,34.5
professional office cleaning australia,0,2,0%,35
childcare centre cleaning services,0,2,0%,35.5
medical janitorial services,0,2,0%,35.5
small office cleaning service,0,2,0%,36
janitorial equipment liverpool,0,2,0%,37
industrial site cleaning services,0,2,0%,38
medical centre cleaning near me,0,2,0%,38
clean pro cleaning services,0,2,0%,39
commercial cleaning offices,0,2,0%,39.5
commercial industrial cleaning services sydney nsw,0,2,0%,39.5
commercial cleaning websites,0,2,0%,40
"commercial office cleaning business in sydney, new south wales",0,2,0%,40.5
industrial commercial cleaning services,0,2,0%,41